date,commodity,market,price,unit,state
2023-01-01,Garlic,Chennai,87.12,per_kg,Tamil Nadu
2023-01-02,Garlic,Chennai,79.61,per_kg,Tamil Nadu
2023-01-03,Garlic,Chennai,83.9,per_kg,Tamil Nadu
2023-01-04,Garlic,Chennai,82.06,per_kg,Tamil Nadu
2023-01-05,Garlic,Chennai,84.52,per_kg,Tamil Nadu
2023-01-06,Garlic,Chennai,85.15,per_kg,Tamil Nadu
2023-01-07,Garlic,Chennai,87.35,per_kg,Tamil Nadu
2023-01-08,Garlic,Chennai,80.48,per_kg,Tamil Nadu
2023-01-09,Garlic,Chennai,86.91,per_kg,Tamil Nadu
2023-01-10,Garlic,Chennai,85.54,per_kg,Tamil Nadu
2023-01-11,Garlic,Chennai,87.16,per_kg,Tamil Nadu
2023-01-12,Garlic,Chennai,82.96,per_kg,Tamil Nadu
2023-01-13,Garlic,Chennai,84.58,per_kg,Tamil Nadu
2023-01-14,Garlic,Chennai,89.86,per_kg,Tamil Nadu
2023-01-15,Garlic,Chennai,93.29,per_kg,Tamil Nadu
2023-01-16,Garlic,Chennai,93.56,per_kg,Tamil Nadu
2023-01-17,Garlic,Chennai,87.25,per_kg,Tamil Nadu
2023-01-18,Garlic,Chennai,83.67,per_kg,Tamil Nadu
2023-01-19,Garlic,Chennai,89.47,per_kg,Tamil Nadu
2023-01-20,Garlic,Chennai,91.97,per_kg,Tamil Nadu
2023-01-21,Garlic,Chennai,90.8,per_kg,Tamil Nadu
2023-01-22,Garlic,Chennai,86.95,per_kg,Tamil Nadu
2023-01-23,Garlic,Chennai,85.48,per_kg,Tamil Nadu
2023-01-24,Garlic,Chennai,87.79,per_kg,Tamil Nadu
2023-01-25,Garlic,Chennai,94.31,per_kg,Tamil Nadu
2023-01-26,Garlic,Chennai,87.78,per_kg,Tamil Nadu
2023-01-27,Garlic,Chennai,90.59,per_kg,Tamil Nadu
2023-01-28,Garlic,Chennai,91.79,per_kg,Tamil Nadu
2023-01-29,Garlic,Chennai,89.41,per_kg,Tamil Nadu
2023-01-30,Garlic,Chennai,92.01,per_kg,Tamil Nadu
2023-01-31,Garlic,Chennai,90.61,per_kg,Tamil Nadu
2023-02-01,Garlic,Chennai,89.02,per_kg,Tamil Nadu
2023-02-02,Garlic,Chennai,90.64,per_kg,Tamil Nadu
2023-02-03,Garlic,Chennai,89.65,per_kg,Tamil Nadu
2023-02-04,Garlic,Chennai,93.62,per_kg,Tamil Nadu
2023-02-05,Garlic,Chennai,96.79,per_kg,Tamil Nadu
2023-02-06,Garlic,Chennai,90.96,per_kg,Tamil Nadu
2023-02-07,Garlic,Chennai,93.0,per_kg,Tamil Nadu
2023-02-08,Garlic,Chennai,97.78,per_kg,Tamil Nadu
2023-02-09,Garlic,Chennai,85.63,per_kg,Tamil Nadu
2023-02-10,Garlic,Chennai,85.68,per_kg,Tamil Nadu
2023-02-11,Garlic,Chennai,93.54,per_kg,Tamil Nadu
2023-02-12,Garlic,Chennai,91.83,per_kg,Tamil Nadu
2023-02-13,Garlic,Chennai,91.55,per_kg,Tamil Nadu
2023-02-14,Garlic,Chennai,90.49,per_kg,Tamil Nadu
2023-02-15,Garlic,Chennai,92.0,per_kg,Tamil Nadu
2023-02-16,Garlic,Chennai,92.84,per_kg,Tamil Nadu
2023-02-17,Garlic,Chennai,95.08,per_kg,Tamil Nadu
2023-02-18,Garlic,Chennai,94.87,per_kg,Tamil Nadu
2023-02-19,Garlic,Chennai,89.68,per_kg,Tamil Nadu
2023-02-20,Garlic,Chennai,96.7,per_kg,Tamil Nadu
2023-02-21,Garlic,Chennai,92.33,per_kg,Tamil Nadu
2023-02-22,Garlic,Chennai,95.92,per_kg,Tamil Nadu
2023-02-23,Garlic,Chennai,94.29,per_kg,Tamil Nadu
2023-02-24,Garlic,Chennai,92.85,per_kg,Tamil Nadu
2023-02-25,Garlic,Chennai,90.03,per_kg,Tamil Nadu
2023-02-26,Garlic,Chennai,95.31,per_kg,Tamil Nadu
2023-02-27,Garlic,Chennai,97.26,per_kg,Tamil Nadu
2023-02-28,Garlic,Chennai,93.07,per_kg,Tamil Nadu
2023-03-01,Garlic,Chennai,97.56,per_kg,Tamil Nadu
2023-03-02,Garlic,Chennai,94.18,per_kg,Tamil Nadu
2023-03-03,Garlic,Chennai,93.25,per_kg,Tamil Nadu
2023-03-04,Garlic,Chennai,90.79,per_kg,Tamil Nadu
2023-03-05,Garlic,Chennai,93.62,per_kg,Tamil Nadu
2023-03-06,Garlic,Chennai,90.8,per_kg,Tamil Nadu
2023-03-07,Garlic,Chennai,95.17,per_kg,Tamil Nadu
2023-03-08,Garlic,Chennai,93.18,per_kg,Tamil Nadu
2023-03-09,Garlic,Chennai,97.92,per_kg,Tamil Nadu
2023-03-10,Garlic,Chennai,92.19,per_kg,Tamil Nadu
2023-03-11,Garlic,Chennai,95.39,per_kg,Tamil Nadu
2023-03-12,Garlic,Chennai,97.0,per_kg,Tamil Nadu
2023-03-13,Garlic,Chennai,97.0,per_kg,Tamil Nadu
2023-03-14,Garlic,Chennai,91.99,per_kg,Tamil Nadu
2023-03-15,Garlic,Chennai,94.36,per_kg,Tamil Nadu
2023-03-16,Garlic,Chennai,96.15,per_kg,Tamil Nadu
2023-03-17,Garlic,Chennai,93.84,per_kg,Tamil Nadu
2023-03-18,Garlic,Chennai,98.41,per_kg,Tamil Nadu
2023-03-19,Garlic,Chennai,93.92,per_kg,Tamil Nadu
2023-03-20,Garlic,Chennai,96.17,per_kg,Tamil Nadu
2023-03-21,Garlic,Chennai,93.21,per_kg,Tamil Nadu
2023-03-22,Garlic,Chennai,94.18,per_kg,Tamil Nadu
2023-03-23,Garlic,Chennai,99.19,per_kg,Tamil Nadu
2023-03-24,Garlic,Chennai,96.29,per_kg,Tamil Nadu
2023-03-25,Garlic,Chennai,96.59,per_kg,Tamil Nadu
2023-03-26,Garlic,Chennai,94.11,per_kg,Tamil Nadu
2023-03-27,Garlic,Chennai,97.93,per_kg,Tamil Nadu
2023-03-28,Garlic,Chennai,95.7,per_kg,Tamil Nadu
2023-03-29,Garlic,Chennai,97.2,per_kg,Tamil Nadu
2023-03-30,Garlic,Chennai,96.26,per_kg,Tamil Nadu
2023-03-31,Garlic,Chennai,97.16,per_kg,Tamil Nadu
2023-04-01,Garlic,Chennai,95.16,per_kg,Tamil Nadu
2023-04-02,Garlic,Chennai,93.97,per_kg,Tamil Nadu
2023-04-03,Garlic,Chennai,101.12,per_kg,Tamil Nadu
2023-04-04,Garlic,Chennai,97.23,per_kg,Tamil Nadu
2023-04-05,Garlic,Chennai,92.24,per_kg,Tamil Nadu
2023-04-06,Garlic,Chennai,91.19,per_kg,Tamil Nadu
2023-04-07,Garlic,Chennai,97.54,per_kg,Tamil Nadu
2023-04-08,Garlic,Chennai,96.94,per_kg,Tamil Nadu
2023-04-09,Garlic,Chennai,94.85,per_kg,Tamil Nadu
2023-04-10,Garlic,Chennai,95.77,per_kg,Tamil Nadu
2023-04-11,Garlic,Chennai,102.12,per_kg,Tamil Nadu
2023-04-12,Garlic,Chennai,97.33,per_kg,Tamil Nadu
2023-04-13,Garlic,Chennai,100.72,per_kg,Tamil Nadu
2023-04-14,Garlic,Chennai,98.68,per_kg,Tamil Nadu
2023-04-15,Garlic,Chennai,92.47,per_kg,Tamil Nadu
2023-04-16,Garlic,Chennai,102.49,per_kg,Tamil Nadu
2023-04-17,Garlic,Chennai,97.48,per_kg,Tamil Nadu
2023-04-18,Garlic,Chennai,92.35,per_kg,Tamil Nadu
2023-04-19,Garlic,Chennai,95.93,per_kg,Tamil Nadu
2023-04-20,Garlic,Chennai,94.29,per_kg,Tamil Nadu
2023-04-21,Garlic,Chennai,93.37,per_kg,Tamil Nadu
2023-04-22,Garlic,Chennai,96.72,per_kg,Tamil Nadu
2023-04-23,Garlic,Chennai,93.02,per_kg,Tamil Nadu
2023-04-24,Garlic,Chennai,91.7,per_kg,Tamil Nadu
2023-04-25,Garlic,Chennai,100.33,per_kg,Tamil Nadu
2023-04-26,Garlic,Chennai,92.54,per_kg,Tamil Nadu
2023-04-27,Garlic,Chennai,95.77,per_kg,Tamil Nadu
2023-04-28,Garlic,Chennai,88.67,per_kg,Tamil Nadu
2023-04-29,Garlic,Chennai,93.06,per_kg,Tamil Nadu
2023-04-30,Garlic,Chennai,97.44,per_kg,Tamil Nadu
2023-05-01,Garlic,Chennai,94.71,per_kg,Tamil Nadu
2023-05-02,Garlic,Chennai,99.31,per_kg,Tamil Nadu
2023-05-03,Garlic,Chennai,97.61,per_kg,Tamil Nadu
2023-05-04,Garlic,Chennai,86.91,per_kg,Tamil Nadu
2023-05-05,Garlic,Chennai,94.52,per_kg,Tamil Nadu
2023-05-06,Garlic,Chennai,97.63,per_kg,Tamil Nadu
2023-05-07,Garlic,Chennai,94.52,per_kg,Tamil Nadu
2023-05-08,Garlic,Chennai,92.36,per_kg,Tamil Nadu
2023-05-09,Garlic,Chennai,98.23,per_kg,Tamil Nadu
2023-05-10,Garlic,Chennai,97.36,per_kg,Tamil Nadu
2023-05-11,Garlic,Chennai,96.63,per_kg,Tamil Nadu
2023-05-12,Garlic,Chennai,90.06,per_kg,Tamil Nadu
2023-05-13,Garlic,Chennai,95.54,per_kg,Tamil Nadu
2023-05-14,Garlic,Chennai,95.51,per_kg,Tamil Nadu
2023-05-15,Garlic,Chennai,93.27,per_kg,Tamil Nadu
2023-05-16,Garlic,Chennai,88.24,per_kg,Tamil Nadu
2023-05-17,Garlic,Chennai,96.49,per_kg,Tamil Nadu
2023-05-18,Garlic,Chennai,97.74,per_kg,Tamil Nadu
2023-05-19,Garlic,Chennai,96.85,per_kg,Tamil Nadu
2023-05-20,Garlic,Chennai,87.77,per_kg,Tamil Nadu
2023-05-21,Garlic,Chennai,97.94,per_kg,Tamil Nadu
2023-05-22,Garlic,Chennai,90.35,per_kg,Tamil Nadu
2023-05-23,Garlic,Chennai,94.92,per_kg,Tamil Nadu
2023-05-24,Garlic,Chennai,92.48,per_kg,Tamil Nadu
2023-05-25,Garlic,Chennai,92.99,per_kg,Tamil Nadu
2023-05-26,Garlic,Chennai,98.5,per_kg,Tamil Nadu
2023-05-27,Garlic,Chennai,93.17,per_kg,Tamil Nadu
2023-05-28,Garlic,Chennai,95.51,per_kg,Tamil Nadu
2023-05-29,Garlic,Chennai,93.39,per_kg,Tamil Nadu
2023-05-30,Garlic,Chennai,96.03,per_kg,Tamil Nadu
2023-05-31,Garlic,Chennai,92.24,per_kg,Tamil Nadu
2023-06-01,Garlic,Chennai,89.7,per_kg,Tamil Nadu
2023-06-02,Garlic,Chennai,96.23,per_kg,Tamil Nadu
2023-06-03,Garlic,Chennai,94.8,per_kg,Tamil Nadu
2023-06-04,Garlic,Chennai,88.1,per_kg,Tamil Nadu
2023-06-05,Garlic,Chennai,96.65,per_kg,Tamil Nadu
2023-06-06,Garlic,Chennai,92.94,per_kg,Tamil Nadu
2023-06-07,Garlic,Chennai,96.18,per_kg,Tamil Nadu
2023-06-08,Garlic,Chennai,90.2,per_kg,Tamil Nadu
2023-06-09,Garlic,Chennai,92.4,per_kg,Tamil Nadu
2023-06-10,Garlic,Chennai,90.44,per_kg,Tamil Nadu
2023-06-11,Garlic,Chennai,90.65,per_kg,Tamil Nadu
2023-06-12,Garlic,Chennai,90.16,per_kg,Tamil Nadu
2023-06-13,Garlic,Chennai,87.51,per_kg,Tamil Nadu
2023-06-14,Garlic,Chennai,90.41,per_kg,Tamil Nadu
2023-06-15,Garlic,Chennai,87.29,per_kg,Tamil Nadu
2023-06-16,Garlic,Chennai,89.0,per_kg,Tamil Nadu
2023-06-17,Garlic,Chennai,88.52,per_kg,Tamil Nadu
2023-06-18,Garlic,Chennai,87.04,per_kg,Tamil Nadu
2023-06-19,Garlic,Chennai,91.26,per_kg,Tamil Nadu
2023-06-20,Garlic,Chennai,87.74,per_kg,Tamil Nadu
2023-06-21,Garlic,Chennai,86.73,per_kg,Tamil Nadu
2023-06-22,Garlic,Chennai,88.08,per_kg,Tamil Nadu
2023-06-23,Garlic,Chennai,89.53,per_kg,Tamil Nadu
2023-06-24,Garlic,Chennai,85.66,per_kg,Tamil Nadu
2023-06-25,Garlic,Chennai,87.01,per_kg,Tamil Nadu
2023-06-26,Garlic,Chennai,90.96,per_kg,Tamil Nadu
2023-06-27,Garlic,Chennai,87.39,per_kg,Tamil Nadu
2023-06-28,Garlic,Chennai,87.22,per_kg,Tamil Nadu
2023-06-29,Garlic,Chennai,78.4,per_kg,Tamil Nadu
2023-06-30,Garlic,Chennai,85.18,per_kg,Tamil Nadu
2023-07-01,Garlic,Chennai,89.02,per_kg,Tamil Nadu
2023-07-02,Garlic,Chennai,81.05,per_kg,Tamil Nadu
2023-07-03,Garlic,Chennai,85.99,per_kg,Tamil Nadu
2023-07-04,Garlic,Chennai,91.81,per_kg,Tamil Nadu
2023-07-05,Garlic,Chennai,84.72,per_kg,Tamil Nadu
2023-07-06,Garlic,Chennai,85.1,per_kg,Tamil Nadu
2023-07-07,Garlic,Chennai,86.51,per_kg,Tamil Nadu
2023-07-08,Garlic,Chennai,88.66,per_kg,Tamil Nadu
2023-07-09,Garlic,Chennai,87.41,per_kg,Tamil Nadu
2023-07-10,Garlic,Chennai,87.31,per_kg,Tamil Nadu
2023-07-11,Garlic,Chennai,88.66,per_kg,Tamil Nadu
2023-07-12,Garlic,Chennai,87.34,per_kg,Tamil Nadu
2023-07-13,Garlic,Chennai,86.6,per_kg,Tamil Nadu
2023-07-14,Garlic,Chennai,85.11,per_kg,Tamil Nadu
2023-07-15,Garlic,Chennai,82.16,per_kg,Tamil Nadu
2023-07-16,Garlic,Chennai,88.33,per_kg,Tamil Nadu
2023-07-17,Garlic,Chennai,85.73,per_kg,Tamil Nadu
2023-07-18,Garlic,Chennai,83.61,per_kg,Tamil Nadu
2023-07-19,Garlic,Chennai,85.41,per_kg,Tamil Nadu
2023-07-20,Garlic,Chennai,86.03,per_kg,Tamil Nadu
2023-07-21,Garlic,Chennai,82.36,per_kg,Tamil Nadu
2023-07-22,Garlic,Chennai,81.62,per_kg,Tamil Nadu
2023-07-23,Garlic,Chennai,85.61,per_kg,Tamil Nadu
2023-07-24,Garlic,Chennai,80.57,per_kg,Tamil Nadu
2023-07-25,Garlic,Chennai,81.85,per_kg,Tamil Nadu
2023-07-26,Garlic,Chennai,81.45,per_kg,Tamil Nadu
2023-07-27,Garlic,Chennai,84.21,per_kg,Tamil Nadu
2023-07-28,Garlic,Chennai,87.89,per_kg,Tamil Nadu
2023-07-29,Garlic,Chennai,79.54,per_kg,Tamil Nadu
2023-07-30,Garlic,Chennai,83.08,per_kg,Tamil Nadu
2023-07-31,Garlic,Chennai,87.27,per_kg,Tamil Nadu
2023-08-01,Garlic,Chennai,84.78,per_kg,Tamil Nadu
2023-08-02,Garlic,Chennai,85.26,per_kg,Tamil Nadu
2023-08-03,Garlic,Chennai,80.72,per_kg,Tamil Nadu
2023-08-04,Garlic,Chennai,76.58,per_kg,Tamil Nadu
2023-08-05,Garlic,Chennai,80.32,per_kg,Tamil Nadu
2023-08-06,Garlic,Chennai,84.54,per_kg,Tamil Nadu
2023-08-07,Garlic,Chennai,79.14,per_kg,Tamil Nadu
2023-08-08,Garlic,Chennai,85.79,per_kg,Tamil Nadu
2023-08-09,Garlic,Chennai,80.36,per_kg,Tamil Nadu
2023-08-10,Garlic,Chennai,80.4,per_kg,Tamil Nadu
2023-08-11,Garlic,Chennai,79.29,per_kg,Tamil Nadu
2023-08-12,Garlic,Chennai,85.14,per_kg,Tamil Nadu
2023-08-13,Garlic,Chennai,78.27,per_kg,Tamil Nadu
2023-08-14,Garlic,Chennai,84.8,per_kg,Tamil Nadu
2023-08-15,Garlic,Chennai,80.4,per_kg,Tamil Nadu
2023-08-16,Garlic,Chennai,81.23,per_kg,Tamil Nadu
2023-08-17,Garlic,Chennai,81.55,per_kg,Tamil Nadu
2023-08-18,Garlic,Chennai,88.95,per_kg,Tamil Nadu
2023-08-19,Garlic,Chennai,81.55,per_kg,Tamil Nadu
2023-08-20,Garlic,Chennai,78.86,per_kg,Tamil Nadu
2023-08-21,Garlic,Chennai,77.08,per_kg,Tamil Nadu
2023-08-22,Garlic,Chennai,78.36,per_kg,Tamil Nadu
2023-08-23,Garlic,Chennai,83.88,per_kg,Tamil Nadu
2023-08-24,Garlic,Chennai,78.78,per_kg,Tamil Nadu
2023-08-25,Garlic,Chennai,82.9,per_kg,Tamil Nadu
2023-08-26,Garlic,Chennai,83.03,per_kg,Tamil Nadu
2023-08-27,Garlic,Chennai,81.23,per_kg,Tamil Nadu
2023-08-28,Garlic,Chennai,80.42,per_kg,Tamil Nadu
2023-08-29,Garlic,Chennai,76.4,per_kg,Tamil Nadu
2023-08-30,Garlic,Chennai,81.96,per_kg,Tamil Nadu
2023-08-31,Garlic,Chennai,80.18,per_kg,Tamil Nadu
2023-09-01,Garlic,Chennai,72.83,per_kg,Tamil Nadu
2023-09-02,Garlic,Chennai,80.05,per_kg,Tamil Nadu
2023-09-03,Garlic,Chennai,74.63,per_kg,Tamil Nadu
2023-09-04,Garlic,Chennai,77.45,per_kg,Tamil Nadu
2023-09-05,Garlic,Chennai,78.81,per_kg,Tamil Nadu
2023-09-06,Garlic,Chennai,82.07,per_kg,Tamil Nadu
2023-09-07,Garlic,Chennai,79.7,per_kg,Tamil Nadu
2023-09-08,Garlic,Chennai,76.86,per_kg,Tamil Nadu
2023-09-09,Garlic,Chennai,76.31,per_kg,Tamil Nadu
2023-09-10,Garlic,Chennai,76.68,per_kg,Tamil Nadu
2023-09-11,Garlic,Chennai,77.05,per_kg,Tamil Nadu
2023-09-12,Garlic,Chennai,79.78,per_kg,Tamil Nadu
2023-09-13,Garlic,Chennai,75.51,per_kg,Tamil Nadu
2023-09-14,Garlic,Chennai,79.15,per_kg,Tamil Nadu
2023-09-15,Garlic,Chennai,76.84,per_kg,Tamil Nadu
2023-09-16,Garlic,Chennai,78.79,per_kg,Tamil Nadu
2023-09-17,Garlic,Chennai,80.37,per_kg,Tamil Nadu
2023-09-18,Garlic,Chennai,74.53,per_kg,Tamil Nadu
2023-09-19,Garlic,Chennai,76.06,per_kg,Tamil Nadu
2023-09-20,Garlic,Chennai,69.55,per_kg,Tamil Nadu
2023-09-21,Garlic,Chennai,89.55,per_kg,Tamil Nadu
2023-09-22,Garlic,Chennai,76.5,per_kg,Tamil Nadu
2023-09-23,Garlic,Chennai,79.74,per_kg,Tamil Nadu
2023-09-24,Garlic,Chennai,82.46,per_kg,Tamil Nadu
2023-09-25,Garlic,Chennai,76.54,per_kg,Tamil Nadu
2023-09-26,Garlic,Chennai,81.33,per_kg,Tamil Nadu
2023-09-27,Garlic,Chennai,75.89,per_kg,Tamil Nadu
2023-09-28,Garlic,Chennai,73.61,per_kg,Tamil Nadu
2023-09-29,Garlic,Chennai,78.58,per_kg,Tamil Nadu
2023-09-30,Garlic,Chennai,74.87,per_kg,Tamil Nadu
2023-10-01,Garlic,Chennai,73.72,per_kg,Tamil Nadu
2023-10-02,Garlic,Chennai,73.18,per_kg,Tamil Nadu
2023-10-03,Garlic,Chennai,79.11,per_kg,Tamil Nadu
2023-10-04,Garlic,Chennai,74.89,per_kg,Tamil Nadu
2023-10-05,Garlic,Chennai,81.39,per_kg,Tamil Nadu
2023-10-06,Garlic,Chennai,78.77,per_kg,Tamil Nadu
2023-10-07,Garlic,Chennai,82.96,per_kg,Tamil Nadu
2023-10-08,Garlic,Chennai,71.98,per_kg,Tamil Nadu
2023-10-09,Garlic,Chennai,79.17,per_kg,Tamil Nadu
2023-10-10,Garlic,Chennai,75.76,per_kg,Tamil Nadu
2023-10-11,Garlic,Chennai,78.74,per_kg,Tamil Nadu
2023-10-12,Garlic,Chennai,72.3,per_kg,Tamil Nadu
2023-10-13,Garlic,Chennai,75.01,per_kg,Tamil Nadu
2023-10-14,Garlic,Chennai,77.79,per_kg,Tamil Nadu
2023-10-15,Garlic,Chennai,79.11,per_kg,Tamil Nadu
2023-10-16,Garlic,Chennai,75.39,per_kg,Tamil Nadu
2023-10-17,Garlic,Chennai,79.85,per_kg,Tamil Nadu
2023-10-18,Garlic,Chennai,85.18,per_kg,Tamil Nadu
2023-10-19,Garlic,Chennai,82.24,per_kg,Tamil Nadu
2023-10-20,Garlic,Chennai,80.67,per_kg,Tamil Nadu
2023-10-21,Garlic,Chennai,75.57,per_kg,Tamil Nadu
2023-10-22,Garlic,Chennai,81.62,per_kg,Tamil Nadu
2023-10-23,Garlic,Chennai,76.48,per_kg,Tamil Nadu
2023-10-24,Garlic,Chennai,82.31,per_kg,Tamil Nadu
2023-10-25,Garlic,Chennai,80.77,per_kg,Tamil Nadu
2023-10-26,Garlic,Chennai,76.32,per_kg,Tamil Nadu
2023-10-27,Garlic,Chennai,71.53,per_kg,Tamil Nadu
2023-10-28,Garlic,Chennai,79.73,per_kg,Tamil Nadu
2023-10-29,Garlic,Chennai,76.13,per_kg,Tamil Nadu
2023-10-30,Garlic,Chennai,82.57,per_kg,Tamil Nadu
2023-10-31,Garlic,Chennai,75.33,per_kg,Tamil Nadu
2023-11-01,Garlic,Chennai,78.6,per_kg,Tamil Nadu
2023-11-02,Garlic,Chennai,73.17,per_kg,Tamil Nadu
2023-11-03,Garlic,Chennai,80.86,per_kg,Tamil Nadu
2023-11-04,Garlic,Chennai,77.57,per_kg,Tamil Nadu
2023-11-05,Garlic,Chennai,75.13,per_kg,Tamil Nadu
2023-11-06,Garlic,Chennai,81.68,per_kg,Tamil Nadu
2023-11-07,Garlic,Chennai,86.06,per_kg,Tamil Nadu
2023-11-08,Garlic,Chennai,81.46,per_kg,Tamil Nadu
2023-11-09,Garlic,Chennai,87.13,per_kg,Tamil Nadu
2023-11-10,Garlic,Chennai,77.01,per_kg,Tamil Nadu
2023-11-11,Garlic,Chennai,83.82,per_kg,Tamil Nadu
2023-11-12,Garlic,Chennai,81.08,per_kg,Tamil Nadu
2023-11-13,Garlic,Chennai,84.27,per_kg,Tamil Nadu
2023-11-14,Garlic,Chennai,76.14,per_kg,Tamil Nadu
2023-11-15,Garlic,Chennai,84.61,per_kg,Tamil Nadu
2023-11-16,Garlic,Chennai,78.57,per_kg,Tamil Nadu
2023-11-17,Garlic,Chennai,78.43,per_kg,Tamil Nadu
2023-11-18,Garlic,Chennai,77.75,per_kg,Tamil Nadu
2023-11-19,Garlic,Chennai,85.73,per_kg,Tamil Nadu
2023-11-20,Garlic,Chennai,81.65,per_kg,Tamil Nadu
2023-11-21,Garlic,Chennai,82.57,per_kg,Tamil Nadu
2023-11-22,Garlic,Chennai,80.11,per_kg,Tamil Nadu
2023-11-23,Garlic,Chennai,85.89,per_kg,Tamil Nadu
2023-11-24,Garlic,Chennai,81.64,per_kg,Tamil Nadu
2023-11-25,Garlic,Chennai,82.57,per_kg,Tamil Nadu
2023-11-26,Garlic,Chennai,83.68,per_kg,Tamil Nadu
2023-11-27,Garlic,Chennai,82.07,per_kg,Tamil Nadu
2023-11-28,Garlic,Chennai,82.82,per_kg,Tamil Nadu
2023-11-29,Garlic,Chennai,83.53,per_kg,Tamil Nadu
2023-11-30,Garlic,Chennai,79.47,per_kg,Tamil Nadu
2023-12-01,Garlic,Chennai,83.62,per_kg,Tamil Nadu
2023-12-02,Garlic,Chennai,84.36,per_kg,Tamil Nadu
2023-12-03,Garlic,Chennai,86.52,per_kg,Tamil Nadu
2023-12-04,Garlic,Chennai,84.01,per_kg,Tamil Nadu
2023-12-05,Garlic,Chennai,87.04,per_kg,Tamil Nadu
2023-12-06,Garlic,Chennai,81.73,per_kg,Tamil Nadu
2023-12-07,Garlic,Chennai,85.35,per_kg,Tamil Nadu
2023-12-08,Garlic,Chennai,83.21,per_kg,Tamil Nadu
2023-12-09,Garlic,Chennai,85.4,per_kg,Tamil Nadu
2023-12-10,Garlic,Chennai,86.31,per_kg,Tamil Nadu
2023-12-11,Garlic,Chennai,86.01,per_kg,Tamil Nadu
2023-12-12,Garlic,Chennai,85.87,per_kg,Tamil Nadu
2023-12-13,Garlic,Chennai,87.38,per_kg,Tamil Nadu
2023-12-14,Garlic,Chennai,82.03,per_kg,Tamil Nadu
2023-12-15,Garlic,Chennai,85.15,per_kg,Tamil Nadu
2023-12-16,Garlic,Chennai,83.81,per_kg,Tamil Nadu
2023-12-17,Garlic,Chennai,90.0,per_kg,Tamil Nadu
2023-12-18,Garlic,Chennai,85.64,per_kg,Tamil Nadu
2023-12-19,Garlic,Chennai,84.25,per_kg,Tamil Nadu
2023-12-20,Garlic,Chennai,88.26,per_kg,Tamil Nadu
2023-12-21,Garlic,Chennai,91.01,per_kg,Tamil Nadu
2023-12-22,Garlic,Chennai,82.79,per_kg,Tamil Nadu
2023-12-23,Garlic,Chennai,90.04,per_kg,Tamil Nadu
2023-12-24,Garlic,Chennai,87.88,per_kg,Tamil Nadu
2023-12-25,Garlic,Chennai,88.69,per_kg,Tamil Nadu
2023-12-26,Garlic,Chennai,85.23,per_kg,Tamil Nadu
2023-12-27,Garlic,Chennai,88.06,per_kg,Tamil Nadu
2023-12-28,Garlic,Chennai,88.35,per_kg,Tamil Nadu
2023-12-29,Garlic,Chennai,89.0,per_kg,Tamil Nadu
2023-12-30,Garlic,Chennai,88.54,per_kg,Tamil Nadu
2023-12-31,Garlic,Chennai,80.53,per_kg,Tamil Nadu
2024-01-01,Garlic,Chennai,90.91,per_kg,Tamil Nadu
2024-01-02,Garlic,Chennai,93.8,per_kg,Tamil Nadu
2024-01-03,Garlic,Chennai,87.12,per_kg,Tamil Nadu
2024-01-04,Garlic,Chennai,87.15,per_kg,Tamil Nadu
2024-01-05,Garlic,Chennai,90.39,per_kg,Tamil Nadu
2024-01-06,Garlic,Chennai,85.12,per_kg,Tamil Nadu
2024-01-07,Garlic,Chennai,84.18,per_kg,Tamil Nadu
2024-01-08,Garlic,Chennai,93.8,per_kg,Tamil Nadu
2024-01-09,Garlic,Chennai,91.0,per_kg,Tamil Nadu
2024-01-10,Garlic,Chennai,89.72,per_kg,Tamil Nadu
2024-01-11,Garlic,Chennai,96.03,per_kg,Tamil Nadu
2024-01-12,Garlic,Chennai,93.48,per_kg,Tamil Nadu
2024-01-13,Garlic,Chennai,91.72,per_kg,Tamil Nadu
2024-01-14,Garlic,Chennai,91.21,per_kg,Tamil Nadu
2024-01-15,Garlic,Chennai,90.86,per_kg,Tamil Nadu
2024-01-16,Garlic,Chennai,88.98,per_kg,Tamil Nadu
2024-01-17,Garlic,Chennai,84.42,per_kg,Tamil Nadu
2024-01-18,Garlic,Chennai,92.2,per_kg,Tamil Nadu
2024-01-19,Garlic,Chennai,93.72,per_kg,Tamil Nadu
2024-01-20,Garlic,Chennai,97.82,per_kg,Tamil Nadu
2024-01-21,Garlic,Chennai,91.34,per_kg,Tamil Nadu
2024-01-22,Garlic,Chennai,94.04,per_kg,Tamil Nadu
2024-01-23,Garlic,Chennai,90.06,per_kg,Tamil Nadu
2024-01-24,Garlic,Chennai,92.5,per_kg,Tamil Nadu
2024-01-25,Garlic,Chennai,88.53,per_kg,Tamil Nadu
2024-01-26,Garlic,Chennai,88.78,per_kg,Tamil Nadu
2024-01-27,Garlic,Chennai,95.5,per_kg,Tamil Nadu
2024-01-28,Garlic,Chennai,92.33,per_kg,Tamil Nadu
2024-01-29,Garlic,Chennai,96.83,per_kg,Tamil Nadu
2024-01-30,Garlic,Chennai,88.89,per_kg,Tamil Nadu
2024-01-31,Garlic,Chennai,89.29,per_kg,Tamil Nadu
2024-02-01,Garlic,Chennai,95.97,per_kg,Tamil Nadu
2024-02-02,Garlic,Chennai,95.02,per_kg,Tamil Nadu
2024-02-03,Garlic,Chennai,94.98,per_kg,Tamil Nadu
2024-02-04,Garlic,Chennai,97.12,per_kg,Tamil Nadu
2024-02-05,Garlic,Chennai,92.17,per_kg,Tamil Nadu
2024-02-06,Garlic,Chennai,87.46,per_kg,Tamil Nadu
2024-02-07,Garlic,Chennai,92.4,per_kg,Tamil Nadu
2024-02-08,Garlic,Chennai,97.34,per_kg,Tamil Nadu
2024-02-09,Garlic,Chennai,92.76,per_kg,Tamil Nadu
2024-02-10,Garlic,Chennai,91.54,per_kg,Tamil Nadu
2024-02-11,Garlic,Chennai,96.0,per_kg,Tamil Nadu
2024-02-12,Garlic,Chennai,98.98,per_kg,Tamil Nadu
2024-02-13,Garlic,Chennai,97.14,per_kg,Tamil Nadu
2024-02-14,Garlic,Chennai,92.03,per_kg,Tamil Nadu
2024-02-15,Garlic,Chennai,94.45,per_kg,Tamil Nadu
2024-02-16,Garlic,Chennai,102.57,per_kg,Tamil Nadu
2024-02-17,Garlic,Chennai,98.7,per_kg,Tamil Nadu
2024-02-18,Garlic,Chennai,98.35,per_kg,Tamil Nadu
2024-02-19,Garlic,Chennai,93.71,per_kg,Tamil Nadu
2024-02-20,Garlic,Chennai,93.16,per_kg,Tamil Nadu
2024-02-21,Garlic,Chennai,95.26,per_kg,Tamil Nadu
2024-02-22,Garlic,Chennai,93.84,per_kg,Tamil Nadu
2024-02-23,Garlic,Chennai,96.55,per_kg,Tamil Nadu
2024-02-24,Garlic,Chennai,91.25,per_kg,Tamil Nadu
2024-02-25,Garlic,Chennai,94.75,per_kg,Tamil Nadu
2024-02-26,Garlic,Chennai,100.03,per_kg,Tamil Nadu
2024-02-27,Garlic,Chennai,99.54,per_kg,Tamil Nadu
2024-02-28,Garlic,Chennai,104.19,per_kg,Tamil Nadu
2024-02-29,Garlic,Chennai,95.9,per_kg,Tamil Nadu
2024-03-01,Garlic,Chennai,101.24,per_kg,Tamil Nadu
2024-03-02,Garlic,Chennai,93.69,per_kg,Tamil Nadu
2024-03-03,Garlic,Chennai,96.7,per_kg,Tamil Nadu
2024-03-04,Garlic,Chennai,96.37,per_kg,Tamil Nadu
2024-03-05,Garlic,Chennai,99.84,per_kg,Tamil Nadu
2024-03-06,Garlic,Chennai,95.23,per_kg,Tamil Nadu
2024-03-07,Garlic,Chennai,99.7,per_kg,Tamil Nadu
2024-03-08,Garlic,Chennai,96.93,per_kg,Tamil Nadu
2024-03-09,Garlic,Chennai,99.35,per_kg,Tamil Nadu
2024-03-10,Garlic,Chennai,98.61,per_kg,Tamil Nadu
2024-03-11,Garlic,Chennai,96.8,per_kg,Tamil Nadu
2024-03-12,Garlic,Chennai,92.66,per_kg,Tamil Nadu
2024-03-13,Garlic,Chennai,97.62,per_kg,Tamil Nadu
2024-03-14,Garlic,Chennai,98.47,per_kg,Tamil Nadu
2024-03-15,Garlic,Chennai,95.44,per_kg,Tamil Nadu
2024-03-16,Garlic,Chennai,101.11,per_kg,Tamil Nadu
2024-03-17,Garlic,Chennai,99.56,per_kg,Tamil Nadu
2024-03-18,Garlic,Chennai,98.93,per_kg,Tamil Nadu
2024-03-19,Garlic,Chennai,96.17,per_kg,Tamil Nadu
2024-03-20,Garlic,Chennai,96.94,per_kg,Tamil Nadu
2024-03-21,Garlic,Chennai,95.93,per_kg,Tamil Nadu
2024-03-22,Garlic,Chennai,100.14,per_kg,Tamil Nadu
2024-03-23,Garlic,Chennai,103.25,per_kg,Tamil Nadu
2024-03-24,Garlic,Chennai,102.69,per_kg,Tamil Nadu
2024-03-25,Garlic,Chennai,98.82,per_kg,Tamil Nadu
2024-03-26,Garlic,Chennai,101.83,per_kg,Tamil Nadu
2024-03-27,Garlic,Chennai,100.41,per_kg,Tamil Nadu
2024-03-28,Garlic,Chennai,95.09,per_kg,Tamil Nadu
2024-03-29,Garlic,Chennai,104.43,per_kg,Tamil Nadu
2024-03-30,Garlic,Chennai,101.67,per_kg,Tamil Nadu
2024-03-31,Garlic,Chennai,101.01,per_kg,Tamil Nadu
2024-04-01,Garlic,Chennai,100.03,per_kg,Tamil Nadu
2024-04-02,Garlic,Chennai,99.61,per_kg,Tamil Nadu
2024-04-03,Garlic,Chennai,101.07,per_kg,Tamil Nadu
2024-04-04,Garlic,Chennai,100.62,per_kg,Tamil Nadu
2024-04-05,Garlic,Chennai,98.56,per_kg,Tamil Nadu
2024-04-06,Garlic,Chennai,94.89,per_kg,Tamil Nadu
2024-04-07,Garlic,Chennai,102.42,per_kg,Tamil Nadu
2024-04-08,Garlic,Chennai,98.5,per_kg,Tamil Nadu
2024-04-09,Garlic,Chennai,96.44,per_kg,Tamil Nadu
2024-04-10,Garlic,Chennai,97.74,per_kg,Tamil Nadu
2024-04-11,Garlic,Chennai,99.94,per_kg,Tamil Nadu
2024-04-12,Garlic,Chennai,97.49,per_kg,Tamil Nadu
2024-04-13,Garlic,Chennai,106.27,per_kg,Tamil Nadu
2024-04-14,Garlic,Chennai,93.19,per_kg,Tamil Nadu
2024-04-15,Garlic,Chennai,98.14,per_kg,Tamil Nadu
2024-04-16,Garlic,Chennai,100.45,per_kg,Tamil Nadu
2024-04-17,Garlic,Chennai,93.77,per_kg,Tamil Nadu
2024-04-18,Garlic,Chennai,101.75,per_kg,Tamil Nadu
2024-04-19,Garlic,Chennai,100.1,per_kg,Tamil Nadu
2024-04-20,Garlic,Chennai,100.43,per_kg,Tamil Nadu
2024-04-21,Garlic,Chennai,99.67,per_kg,Tamil Nadu
2024-04-22,Garlic,Chennai,100.35,per_kg,Tamil Nadu
2024-04-23,Garlic,Chennai,102.78,per_kg,Tamil Nadu
2024-04-24,Garlic,Chennai,106.73,per_kg,Tamil Nadu
2024-04-25,Garlic,Chennai,101.99,per_kg,Tamil Nadu
2024-04-26,Garlic,Chennai,96.09,per_kg,Tamil Nadu
2024-04-27,Garlic,Chennai,98.01,per_kg,Tamil Nadu
2024-04-28,Garlic,Chennai,97.93,per_kg,Tamil Nadu
2024-04-29,Garlic,Chennai,97.09,per_kg,Tamil Nadu
2024-04-30,Garlic,Chennai,96.16,per_kg,Tamil Nadu
2024-05-01,Garlic,Chennai,92.49,per_kg,Tamil Nadu
2024-05-02,Garlic,Chennai,97.59,per_kg,Tamil Nadu
2024-05-03,Garlic,Chennai,94.61,per_kg,Tamil Nadu
2024-05-04,Garlic,Chennai,96.39,per_kg,Tamil Nadu
2024-05-05,Garlic,Chennai,98.47,per_kg,Tamil Nadu
2024-05-06,Garlic,Chennai,98.35,per_kg,Tamil Nadu
2024-05-07,Garlic,Chennai,95.86,per_kg,Tamil Nadu
2024-05-08,Garlic,Chennai,99.86,per_kg,Tamil Nadu
2024-05-09,Garlic,Chennai,97.63,per_kg,Tamil Nadu
2024-05-10,Garlic,Chennai,103.0,per_kg,Tamil Nadu
2024-05-11,Garlic,Chennai,94.49,per_kg,Tamil Nadu
2024-05-12,Garlic,Chennai,97.87,per_kg,Tamil Nadu
2024-05-13,Garlic,Chennai,103.27,per_kg,Tamil Nadu
2024-05-14,Garlic,Chennai,100.35,per_kg,Tamil Nadu
2024-05-15,Garlic,Chennai,97.67,per_kg,Tamil Nadu
2024-05-16,Garlic,Chennai,97.84,per_kg,Tamil Nadu
2024-05-17,Garlic,Chennai,94.38,per_kg,Tamil Nadu
2024-05-18,Garlic,Chennai,104.34,per_kg,Tamil Nadu
2024-05-19,Garlic,Chennai,102.83,per_kg,Tamil Nadu
2024-05-20,Garlic,Chennai,99.75,per_kg,Tamil Nadu
2024-05-21,Garlic,Chennai,97.3,per_kg,Tamil Nadu
2024-05-22,Garlic,Chennai,96.4,per_kg,Tamil Nadu
2024-05-23,Garlic,Chennai,94.57,per_kg,Tamil Nadu
2024-05-24,Garlic,Chennai,95.8,per_kg,Tamil Nadu
2024-05-25,Garlic,Chennai,99.09,per_kg,Tamil Nadu
2024-05-26,Garlic,Chennai,97.28,per_kg,Tamil Nadu
2024-05-27,Garlic,Chennai,93.37,per_kg,Tamil Nadu
2024-05-28,Garlic,Chennai,90.35,per_kg,Tamil Nadu
2024-05-29,Garlic,Chennai,98.48,per_kg,Tamil Nadu
2024-05-30,Garlic,Chennai,97.46,per_kg,Tamil Nadu
2024-05-31,Garlic,Chennai,96.25,per_kg,Tamil Nadu
2024-06-01,Garlic,Chennai,94.53,per_kg,Tamil Nadu
